{
  "stage_classifier": {
    "accuracy": 0.588903743315508,
    "macro_f1": 0.5304214103714113,
    "qwk": 0.8809877098079306
  },
  "multitask_no_pair_constraints": {
    "accuracy": 0.5725267379679144,
    "macro_f1": 0.5234400501368305,
    "qwk": 0.883817301472334,
    "mae": 4.487492867969574,
    "rmse": 5.367645283062848,
    "r2": 0.4265552852627894,
    "spearman": 0.7919473698850839,
    "monotonic_violation_rate": 0.16500904159132007
  }
}