model,storage_condition,sample_count,accuracy,macro_f1,qwk,mae,rmse,r2,spearman,monotonic_violation_rate
mld,T10,1734,0.6078431372549019,0.55623174227012,0.8768496556182472,4.553391900442051,5.537385405432129,0.4588542648666849,0.8398558247905701,0.0841623650868137
mld,T20,664,0.5421686746987951,0.5230119369790708,0.8763694319696733,3.7500023188361205,4.423476278812203,-0.9511717809755744,0.8236619837117294,0.08044554455445545
mld,Tam,594,0.5572390572390572,0.5085710016677093,0.8800465600686149,3.5692003238883485,4.170115095057427,-0.7389859906025811,0.9020647942779471,0.07087542087542087
