model,accuracy,macro_f1,qwk,mae,rmse,r2,spearman,monotonic_violation_rate
stage_classifier,0.588903743315508,0.5304214103714113,0.8809877098079306,,,,,
multitask_no_pair_constraints,0.5725267379679144,0.5234400501368305,0.883817301472334,4.487492867969574,5.367645283062848,0.4265552852627894,0.7919473698850839,0.16500904159132007
mld,0.5832219251336899,0.5447913041715987,0.8789973950939689,4.179708585382145,5.05620720704237,0.49116887992585934,0.7744289280660781,0.14935064935064934
